<?xml version="1.0" encoding="UTF-8"?>
<metadata xml:lang="en"><Esri><CreaDate>20240422</CreaDate><CreaTime>07420700</CreaTime><ArcGISFormat>1.0</ArcGISFormat><SyncOnce>TRUE</SyncOnce><DataProperties><lineage><Process ToolSource="c:\program files (x86)\arcgis\desktop10.8\ArcToolbox\Toolboxes\Data Management Tools.tbx\CalculateField" Date="20230309" Time="104522">CalculateField "Sistem Jaringan Sumber Daya Air" NAMOBJ "45010000" VB #</Process><Process ToolSource="c:\program files (x86)\arcgis\desktop10.8\ArcToolbox\Toolboxes\Data Management Tools.tbx\CalculateField" Date="20230309" Time="104631">CalculateField "Sistem Jaringan Sumber Daya Air" ORDE01 "45010000" VB #</Process><Process ToolSource="c:\program files (x86)\arcgis\desktop10.8\ArcToolbox\Toolboxes\Data Management Tools.tbx\CalculateField" Date="20230309" Time="104713">CalculateField "Sistem Jaringan Sumber Daya Air" ORDE02 "45012000" VB #</Process><Process ToolSource="c:\program files (x86)\arcgis\desktop10.8\ArcToolbox\Toolboxes\Data Management Tools.tbx\CalculateField" Date="20230309" Time="104740">CalculateField "Sistem Jaringan Sumber Daya Air" ORDE03 "25012100" VB #</Process><Process ToolSource="c:\program files (x86)\arcgis\desktop10.8\ArcToolbox\Toolboxes\Data Management Tools.tbx\CalculateField" Date="20230309" Time="104803">CalculateField "Sistem Jaringan Sumber Daya Air" ORDE04 "25012100" VB #</Process><Process ToolSource="c:\program files (x86)\arcgis\desktop10.8\ArcToolbox\Toolboxes\Data Management Tools.tbx\CalculateField" Date="20230309" Time="105115">CalculateField "Sistem Jaringan Sumber Daya Air" WADMPR "Provinsi Gorontalo" VB #</Process><Process ToolSource="c:\program files (x86)\arcgis\desktop10.8\ArcToolbox\Toolboxes\Data Management Tools.tbx\CalculateField" Date="20231022" Time="063816">CalculateField "Sistem Jaringan Sumber Daya Air" SBDATA "Materi Teknis Perairan Pesisir Provinsi Gorontalo, 2022" VB #</Process><Process ToolSource="c:\program files (x86)\arcgis\desktop10.8\ArcToolbox\Toolboxes\Data Management Tools.tbx\CalculateField" Date="20231107" Time="141614">CalculateField "Sistem Jaringan Sumber Daya Air" REMARK "Jaringan Irigasi Tabulo Latula" VB #</Process><Process ToolSource="c:\program files (x86)\arcgis\desktop10.8\ArcToolbox\Toolboxes\Data Management Tools.tbx\CalculateField" Date="20240422" Time="073420">CalculateField JARINGAN_IRIGASI_PROVINSI_GORONTALO KABUPATEN "POHUWATO" VB #</Process><Process ToolSource="c:\program files (x86)\arcgis\desktop10.8\ArcToolbox\Toolboxes\Data Management Tools.tbx\CalculateField" Date="20240422" Time="073440">CalculateField JARINGAN_IRIGASI_PROVINSI_GORONTALO KABUPATEN "GORONTALO UTARA" VB #</Process><Process ToolSource="c:\program files (x86)\arcgis\desktop10.8\ArcToolbox\Toolboxes\Data Management Tools.tbx\CalculateField" Date="20240422" Time="073452">CalculateField JARINGAN_IRIGASI_PROVINSI_GORONTALO KABUPATEN "BOALEMO" VB #</Process><Process ToolSource="c:\program files (x86)\arcgis\desktop10.8\ArcToolbox\Toolboxes\Data Management Tools.tbx\CalculateField" Date="20240422" Time="073519">CalculateField JARINGAN_IRIGASI_PROVINSI_GORONTALO KABUPATEN "BOALEMO" VB #</Process><Process ToolSource="c:\program files (x86)\arcgis\desktop10.8\ArcToolbox\Toolboxes\Data Management Tools.tbx\CalculateField" Date="20240422" Time="073537">CalculateField JARINGAN_IRIGASI_PROVINSI_GORONTALO KABUPATEN "KABUPATEN GORONTALO" VB #</Process><Process ToolSource="c:\program files (x86)\arcgis\desktop10.8\ArcToolbox\Toolboxes\Data Management Tools.tbx\CalculateField" Date="20240422" Time="073601">CalculateField JARINGAN_IRIGASI_PROVINSI_GORONTALO KABUPATEN "KABUPATEN GORONTAO" VB #</Process><Process ToolSource="c:\program files (x86)\arcgis\desktop10.8\ArcToolbox\Toolboxes\Data Management Tools.tbx\CalculateField" Date="20240422" Time="073626">CalculateField JARINGAN_IRIGASI_PROVINSI_GORONTALO KABUPATEN "BONE BOLANGO" VB #</Process><Process ToolSource="c:\program files (x86)\arcgis\desktop10.8\ArcToolbox\Toolboxes\Data Management Tools.tbx\CalculateField" Date="20240422" Time="073734">CalculateField JARINGAN_IRIGASI_PROVINSI_GORONTALO KABUPATEN "KOTA GORONTALO" VB #</Process><Process ToolSource="c:\program files (x86)\arcgis\desktop10.8\ArcToolbox\Toolboxes\Data Management Tools.tbx\CalculateField" Date="20240422" Time="073755">CalculateField JARINGAN_IRIGASI_PROVINSI_GORONTALO KABUPATEN "BONE BOLANGO" VB #</Process></lineage></DataProperties></Esri></metadata>
